nword,score
141,6.551778091958373
4010,0.718902151939165
3789,2.1777042400452467
2588,0.5022222724090899
1095,1.2263541022935134
4297,0.46404123916041573
2660,0.2878318984568872
2451,0.031870317885010546
1269,0.40764768876738333
2936,0.23352979215169326
2288,0.8049155835978735
838,0.06287400925200706
3573,0.2995787682501674
3687,0.15191722179386674
1801,0.031870317885010546
1651,0.8487877407567878
3759,0.21535543982702837
792,1.2152661951630206
2222,0.6174622513510544
2138,0.18909975017723318
2319,0.7334351413353667
1249,0.031870317885010546
571,0.7080449354475068
1883,0.14297266237611245
3897,0.3875403680931206
905,4.249284761683774
2596,0.35136836121365916
677,1.066139483096155
1535,0.49385324396034824
2977,1.457830374418675
3249,0.5627280898848664
3490,0.6488552748226466
1035,0.6174552101303445
3960,1.2722922129829706
131,2.172580128490741
2137,0.47243363002111655
2716,0.3099261266555812
814,0.11633643118544387
562,0.24420481623288354
1982,0.16258764290894478
1324,0.8141482196129682
3268,0.09048551765412763
2283,0.15205824772694376
4011,0.33734374946203183
2041,0.8465272129215664
50,1.660195710794855
1400,0.20362908564830234
832,1.4314534120129394
854,2.4083946553183546
4102,0.031870317885010546
710,0.17648598451915873
471,2.1510521673572147
771,0.677564953445221
304,0.655205491783295
4336,0.1636015262275783
100,0.10022278745480896
3601,0.3603256209593246
2974,0.19681109251885856
3534,1.2498984064546175
1183,0.43200578907416276
1439,0.15022024911101373
4138,5.3704396253870526
1195,0.5390615743983264
328,7.859425562265999
773,1.5162281701622489
3547,0.7847814238336585
193,0.8996056150597062
500,0.7657475319881296
2269,2.042870121533846
1161,0.9349112255750565
887,1.95059308650515
3074,0.5114623040491996
24,0.031870317885010546
4163,0.06870452817682825
1149,0.5021705332799972
4369,0.8949176339829529
1997,0.5412516618763985
367,0.4293245239868396
2849,0.10160886861368791
1790,0.2215074455447269
3949,2.065462304607457
1727,0.7456052286348285
175,0.9313105475887907
2470,0.0430396561756256
1097,0.15935158942505273
4362,0.031870317885010546
2905,0.031870317885010546
1475,1.8962301290209076
954,0.5040971685016706
2618,1.1321595064857015
4363,0.6084433613762521
3676,0.4637188440498997
1403,0.2729841141065961
4352,1.2163871587084953
1370,0.44299449354585896
3618,1.2887089783753363
3714,1.5467316470078256
3713,1.857204466737911
3476,3.579845767709581
467,1.4252599830740877
2859,0.873964385323607
2546,0.8228301073551607
2142,0.3330006055578051
2340,0.031870317885010546
2385,0.35887614807779245
576,0.06374063577002109
2073,1.0733092712628514
4056,0.9189052562179312
3930,0.031870317885010546
3146,0.10959461959834846
2663,0.2148844455615223
2231,0.031870317885010546
2924,0.1054713572164821
3686,0.031870317885010546
2611,1.8114887186098778
3419,0.6451301168293829
2152,1.6531995985370465
2748,0.18428990753982807
706,0.5557547824993951
664,0.41342257191341897
2683,0.2766854964698501
2226,0.290112460333153
2178,1.4269825575978752
3072,0.6819248939889837
972,0.5224050869564039
1496,0.9480315700595248
4122,0.9063722504363654
2439,0.4542686021088399
2507,3.9200889591151085
1645,0.9802781518895872
2469,1.2706006535152083
3445,1.3358772259022136
3847,0.5740926567448464
537,1.380858248054559
2649,0.09155731908970968
834,0.8811937104365775
210,0.26663138575040995
885,0.6419632032559428
3889,0.031870317885010546
3792,0.7225461198251009
3631,0.669703365605626
4330,0.2079347292246279
1338,0.08944401315595048
4261,1.0575410800460912
4252,1.3323167498662336
2199,0.031870317885010546
2756,0.09615435682442894
1364,1.3059717046516226
1482,0.29957867192920273
3482,1.8465383735537537
1828,0.28807126089151297
11,2.40864230996599
2275,1.3677961849255906
1812,0.4412610323286883
3325,0.4129000491029901
214,0.22420731296596108
2798,0.6721840225084591
2952,0.22419005823144417
624,1.231055940730341
3682,1.806165287493545
1847,0.23136673455669282
2216,0.3986181169828025
2149,0.4206096404893774
3923,0.609521536866597
3761,0.17039754989267908
315,2.073332127528183
4218,0.19946090354333673
1107,1.1709959337155993
696,0.19466205915517976
2666,0.1185037678721643
4190,0.46367947585168406
3386,1.199868485997396
842,0.563390027180242
2951,0.1050397457162413
2894,1.9493503902635607
3517,1.0299034617174567
2131,0.7280624826948208
1581,1.1524010947798697
1368,0.532429859247017
1340,1.0105812897107689
1012,0.29231404242140635
717,0.051259308672283926
1951,4.385969651374705
676,0.4153383998447576
1010,0.031870317885010546
3055,0.1577988119825003
2185,0.7652798033686982
1009,0.349351391281481
2946,0.16821803155615386
358,1.346500621775466
1396,0.12030627536958115
3009,0.0831694128426255
1933,0.2139362580454368
3394,0.30235474337492807
644,1.0602887725150638
1327,1.3959557015537112
2793,0.18000686795668613
3452,1.4838885307406793
2552,0.18746747682742831
1223,1.5108780444712995
3702,1.0780686721260668
1197,0.031870317885010546
1843,0.05868879908536796
2200,0.7929282402695127
1627,2.201615546529944
1525,1.3573383169340305
3178,1.184612131656071
4133,2.145016384024155
1159,1.227528304285308
4211,0.6049650147060883
2598,0.37146774861394016
4291,0.8773449608939028
2657,0.4205517030227242
1317,0.4249171589798813
2031,0.4154003394300758
2234,0.32072426474496896
1557,0.18822622738346834
248,0.6714240629462942
2706,0.579807653748655
3461,0.18680457531023348
2506,0.14031221937447366
4033,0.3057151126714041
2119,0.9122098855636503
1558,0.8349709637701993
3932,0.5242364327605462
2587,0.907439730405999
2782,1.0321467333340537
2427,0.6800570267931552
2429,0.4110619078762381
3248,1.0402830504748442
3914,0.689022220251852
2237,1.626051396276896
1544,0.5781801550157968
1461,0.492690937545081
1542,0.14663681486432395
4143,0.2887742822321647
787,0.510205175121309
1151,0.37360582933165365
3602,0.3354336955649782
3115,2.1422192351345672
411,2.5282742448704263
681,1.010898740834822
1749,1.2616739870979017
2165,0.7819864678132291
1661,0.6176237158878611
55,1.156548346186688
329,0.40784060476709005
674,1.1841156607267223
3839,2.0359994789366596
531,0.5780165056846255
2066,2.463280287622661
3363,1.2541080934156588
1163,2.4700902435838783
1087,0.381820068302175
1669,0.23628280131539442
3139,0.7266212286272147
4370,0.462060854839766
2361,0.05531438001870261
3312,0.05531438001870261
946,0.4743157849142146
2163,2.0275450361046676
1878,0.07790876768413228
208,1.9583748258734344
2892,0.4438739760001545
3560,0.05531438001870261
511,0.4199340361205285
3561,0.05531438001870261
309,0.05531438001870261
4180,0.1325328234327659
4046,0.05531438001870261
3900,0.1858071724995073
2503,0.14248802866609256
2502,1.5111234064104107
4072,0.05531438001870261
1,0.6681465264206307
1401,0.12861722443055656
2410,1.587149491382465
1994,0.05531438001870261
2762,0.46062596652587146
4170,0.1721831191175398
151,0.5789991298956786
4112,0.21089969027926933
1841,1.1734045884887332
4202,0.9000908641897967
1532,0.8655427078832494
1787,0.4780876088199448
3993,1.6101982692441923
1293,0.09293526674120185
4171,0.05531438001870261
726,1.1668705236630184
2901,0.889506732719495
1684,0.1208502869660358
4093,0.12642056198476287
1670,0.21740468015044928
2235,0.4950726392056617
3024,0.05531438001870261
3849,0.5412430273453842
4081,0.3437187743190015
1200,1.713012208970763
637,2.5724739737275653
2740,0.32852768614984107
1579,0.3541741297241756
2274,1.1933271083344188
2418,0.07124401433304628
2255,1.2853440758879084
2143,0.39097317210514027
4361,0.2985300897167629
2145,1.169414457322166
998,0.7230960884163009
7,0.22526920790971186
2140,0.6797417477532557
709,0.3575176234587694
1077,0.29871049712817366
4051,0.11362208692845589
2447,0.4898946690065841
2345,0.9813264245019523
4175,0.15581592989884585
407,0.05531438001870261
1440,0.41520259314061164
2570,0.26329429643654995
1602,0.22125752007481045
2547,0.11062876003740522
616,0.06458992645485315
116,0.12156080911281705
502,0.05531438001870261
911,0.4481362304392593
2406,1.020902243221483
3349,2.0771275288271815
3891,1.265365729876715
3806,0.05531438001870261
3640,0.05531438001870261
443,0.3556664075576311
2383,0.05531438001870261
4169,0.06863220721719242
2409,0.2333175906333384
2324,0.4276294805060533
1577,0.685297882200782
821,0.4033968125602093
1441,0.5378920981317498
1954,0.22890846975333076
1162,0.7634802174934366
563,0.1342171938955564
4331,1.691232647515107
3047,0.8015554886072336
3726,2.209257392913385
2839,0.05531438001870261
3823,0.9203858641959144
1192,0.05531438001870261
1572,0.10405861945074586
2252,0.06863220721719242
1777,0.05531438001870261
2320,0.1127149201300425
2,0.8286051514680381
1350,0.14331467640630513
2730,0.13822007961427563
4119,1.6260518342590262
3513,0.4002435034034148
3834,0.6207115793831856
3859,1.02139992092741
2707,0.4697422841933426
3077,0.17717319672711668
3041,0.05531438001870261
968,0.7682983125494672
3526,0.07832532791456107
2789,1.0267008303934897
1860,0.09655763022400884
4340,0.5745659899367975
3124,0.6132947079680271
19,0.7803667205378506
2712,0.9825292907557385
138,0.4535762269193561
2245,0.4406421261779707
1741,0.605851845431533
52,0.8530840417144343
3258,0.6173541475970011
2650,0.679175360815867
3112,0.7962724031435868
1779,0.054697244884385654
1747,0.054697244884385654
176,0.2820413737191219
2197,1.389046432164646
3869,0.6271622348006379
3531,0.21839816477418225
2647,0.44915816041195233
3199,0.46970127648208876
906,1.288111309025843
2194,0.3341407933925697
1745,0.1603797357811956
4148,0.39851729034280375
2465,0.7398191749535785
2652,0.9299953055179665
1256,0.054697244884385654
3379,0.9062751368641246
971,0.5226761351204721
920,0.34461277980228827
984,0.20082565628374627
4136,0.40968854835910906
2247,0.5069235215519483
4120,0.18338724484933402
2768,0.21162333373233697
1820,0.16245667455073212
3648,0.054697244884385654
1020,0.7102837053534974
3885,0.5572757966202228
3000,0.8482023137884404
365,0.4728163496963551
2337,0.11036465510364898
1757,0.14912363875713952
1783,0.1294731754351349
1459,0.8605691183205827
3772,0.07873142153081447
3937,2.2213745587049574
4160,0.054697244884385654
3092,0.8082356938702279
3544,0.5625532095989833
289,0.2814107052710819
383,0.7345616470706549
4156,1.0138607977175194
3699,0.1009132986176435
3689,0.4947213184688811
2985,0.6010468563061728
1004,0.054697244884385654
2765,0.562924890656201
2246,0.5436993515230162
3101,0.35469167582302435
1330,0.6686002995053649
1782,0.25464615360626786
124,1.3901814117249698
2645,0.7069508025018396
4339,0.09467111556839206
3829,1.6206215806850313
2492,1.7043554567261339
3025,1.151061691270988
2248,0.15732588424982613
1454,1.9179014668398413
2953,1.4486307038624584
1261,0.26109681945819047
371,0.51611915695427
385,0.7336568865868587
3418,1.4677070789693383
3345,0.7540463064991438
4329,0.03758789102779644
2995,0.6335410418637727
1018,0.65639180977554
2081,0.03758789102779644
2573,2.300746210041287
2664,0.13051026348987277
2858,0.03758789102779644
1098,0.37012738996853184
2655,0.03758789102779644
1430,0.03758789102779644
4267,1.5186151582947351
4263,0.4782832013270592
1658,0.03758789102779644
1019,0.9299141087322516
482,0.2144268036531743
1932,0.10960602012404985
2988,0.8339952003554645
4325,0.9236361729026047
4349,0.11976457483918003
2448,0.03758789102779644
3571,0.14866174180911956
457,0.7398841237555169
635,0.12219380806944859
3950,0.6448558332710892
1608,0.03758789102779644
1606,0.11276367308338932
4265,0.03758789102779644
2376,0.08759826641369153
4299,0.03758789102779644
1722,0.5335511711906289
687,0.2622929832021275
294,0.3481821427622015
3293,0.28059657698527923
1300,0.268981891754953
3205,1.1360609490251734
3657,0.8968430014716716
3592,0.6055578687988428
1869,1.3580128078798028
2290,0.03758789102779644
3535,0.8526341694114775
1657,0.10582734171114225
1156,0.36016417373896287
2592,0.1064472687484853
1486,0.2106364202580146
4039,0.7905397874080256
1374,0.9935808733605698
3685,0.03758789102779644
1949,0.494688879015755
679,1.1777444026097459
2203,0.5742829713446994
3764,0.03758789102779644
3420,0.03758789102779644
665,0.38764674586776104
614,0.8301586721832391
3635,0.6103651692191385
3437,1.2395804375013877
863,0.26588583167528823
1656,1.1985696180637004
4197,0.7054266666311672
4368,0.16339076538022093
2103,0.7542024086015191
1818,0.3044719990912683
3430,0.09722575508905026
2219,1.1667324760209568
653,1.5486042244630576
3587,0.14089774834235802
3035,0.8745154014293048
744,0.34839081267095773
360,0.11276367308338932
4354,1.1845815350706337
27,0.2660901431475153
1008,0.8653854646083001
1909,1.2206741691194403
1688,0.5812976835715357
3369,0.4992258494314613
3327,0.18322427749906608
3085,0.1879394551389822
788,0.6371056365969288
2669,0.03758789102779644
1979,0.6278683752292138
3152,0.8135533627363619
3438,1.457862872870327
206,2.1596377216380764
3593,0.16526705934943758
426,0.03758789102779644
3550,1.085592742221182
1096,0.6803862455771161
1721,0.24018230479791425
2244,1.030557888568458
3871,0.2390773786582469
3835,0.03758789102779644
1791,0.6607871382059396
142,0.03758789102779644
3109,0.03758789102779644
4381,0.03758789102779644
1615,0.4471394338244773
427,0.03758789102779644
196,0.5168783027819959
425,0.1879394551389822
3107,0.03758789102779644
286,0.6200815306235027
3395,0.25501155181792984
2380,0.07517578205559287
3539,0.5739515019307554
2845,0.5622977050368918
956,0.09740817255386917
3731,0.48567250117020266
285,0.11276367308338932
3947,0.3679222817135405
4131,0.24136069305941546
4029,0.09256227708512618
3944,0.07517578205559287
130,0.7125666380677765
3088,0.07517578205559287
1100,0.03758789102779644
40,0.03758789102779644
3381,0.03758789102779644
3292,0.6025295501306723
1485,1.0833339861389308
3380,0.03758789102779644
1760,0.4400276859447501
1138,0.15978472092925378
2690,0.10639758837118074
3165,0.08023971954455675
3240,0.2599884066901772
3475,0.7231819388662297
2881,0.22976013180522806
600,0.19536215979579669
2613,0.448049700388072
1595,0.32903700516890383
2358,0.28686449022938415
1886,0.4823745928738621
3782,0.052314296537740335
2801,0.03758789102779644
3396,0.07621746859232574
3790,0.03758789102779644
3594,0.8868566165116598
1964,0.45391020395710646
1170,0.1775512790866322
2077,0.3415948106454446
2061,0.5914663474319486
2825,0.416540316709752
2021,0.4682668150173604
168,0.42461377992014465
2499,0.827446203682187
3198,0.1151189720428519
2205,0.912875132538732
2713,0.03758789102779644
1434,0.03758789102779644
1644,0.4294982053903472
2312,0.03758789102779644
1529,0.16123621579025235
1119,0.1441873077119118
3367,0.6488428847036031
3961,0.3409361488172845
2743,0.0720936538559559
1778,1.1326951451176244
2744,0.7933821243701275
147,0.3611194427620576
542,0.10838122966611209
148,0.317998817438338
4213,0.8158055911738279
3473,1.1585139990579327
2909,0.27812734278610995
1948,0.34678864352525096
2735,0.9974275903033393
2708,0.39334769283488813
2565,1.3264335821453195
2208,1.3479935757743307
199,0.1441873077119118
1341,0.3985142270236716
200,0.0720936538559559
4142,1.5258343894209137
1168,0.0720936538559559
4100,0.22698284159453724
16,0.14001928821062856
2984,0.8636946037346739
996,0.21023882988776493
3434,0.5811906426786126
44,0.19795355979233342
1246,0.6642143448231268
4140,1.4809711712492633
3707,0.6520644728029629
1110,0.0720936538559559
2225,0.322588433417684
3498,0.8297550203034031
3175,0.16951076135613272
2227,1.1117628432952231
1573,0.0720936538559559
278,0.0720936538559559
182,0.9275910437728285
191,0.16004352022351306
2724,0.08481571577633157
1844,0.1555391753436985
1930,0.22479566660904995
2738,0.37855600814961665
2719,0.5437745617952431
1063,0.2080195851645386
620,0.09326797086510727
2182,0.3290958719436611
2560,0.3684559890134367
2868,0.10769479675431004
51,0.501470947828699
3675,0.19334257555241555
2764,0.0720936538559559
1363,0.0720936538559559
1719,0.1877203625449948
2339,0.4761651685782596
3712,0.5015390111850276
2381,0.4017515683979814
2004,0.42652294333173696
919,0.4558985115695632
663,0.24359649564588493
1728,0.3020770351389648
4376,0.2838363525230808
2168,0.13183091745653397
859,0.13183091745653397
2925,0.16297177669103097
1605,0.2357911006280193
483,0.13183091745653397
4054,0.9840569568848703
4186,0.14327686139292628
391,0.13183091745653397
1389,0.13183091745653397
3481,0.1541388873727905
1713,0.13183091745653397
430,0.13183091745653397
4342,0.13183091745653397
565,0.3263993573257739
2633,0.21614344451728873
1329,0.3741111379497956
2786,0.13183091745653397
1446,0.13183091745653397
3850,0.13183091745653397
2856,0.15635119403997058
2746,0.6289811536330534
462,0.13183091745653397
3985,0.13183091745653397
3681,0.20665517439449418
1500,0.13183091745653397
41,0.2139764860402162
2396,0.2989293489758175
3898,0.13183091745653397
2242,0.23215671776240573
30,0.13183091745653397
374,0.13183091745653397
3931,0.21563764643101485
4045,0.4318329082002368
4247,0.3209857088966592
1674,0.163371664160455
1819,0.2845665160381099
3918,0.3030779219323836
1876,0.7903622482534995
521,0.6191349435900079
3450,0.30386569280031017
870,0.13906860463644558
1242,0.3394613781039693
3179,0.4256433485306492
2656,1.2325612708856484
318,0.20311861203533524
4178,0.13183091745653397
1480,0.26077678892655626
2473,0.10721966058640812
701,0.08936470376959976
3489,0.20257218938370125
3425,0.6033705327077021
1822,0.31208089751522183
2084,0.08936470376959976
2842,0.06519419723163906
4176,0.06519419723163906
1896,0.15004662420211437
2158,0.1607726926029856
1360,0.06519419723163906
1325,0.5930682965489418
3899,0.605596004295919
1239,0.2778081539960473
678,0.06519419723163906
4004,0.2292485390847446
3986,0.4001780671667745
3358,0.10754927601565006
2854,0.45912143700919245
3270,0.8770394981842528
890,0.23075594627849513
1175,0.479201098676441
2117,0.13038839446327813
3783,0.06519419723163906
1179,0.1552079967297638
3858,0.06519419723163906
1337,0.25155620876427154
729,0.46276410039848104
3738,0.07772695660003502
2705,0.12380478186674257
2118,0.06519419723163906
3449,0.16560302552374773
901,0.06519419723163906
1253,0.20932547352924613
1697,0.5730319267572664
1877,0.08193521335651573
3737,0.17269342566306545
2850,1.0399183891215809
2387,0.06519419723163906
2671,0.43459314072149596
2333,0.19558259169491718
1739,0.4234895537289586
2760,0.17071826098929216
1094,0.06519419723163906
1237,0.9502639812973137
3916,0.6030583682730619
889,0.21102268075784214
1395,0.21983353605799238
3610,0.6359542610907836
2987,0.2377853250208849
918,0.5493834774178925
394,0.06519419723163906
1862,0.06519419723163906
711,0.4639107765146071
2805,0.1825935332601499
2973,0.2921562652068786
2515,0.6732088844720829
1616,0.259534645308683
229,1.0253935521178437
1211,0.24364742671372233
691,0.06519419723163906
4101,0.06519419723163906
36,0.12175524972545658
1969,0.17751953850441132
899,0.06519419723163906
2843,0.26077678892655626
1977,0.13078400164864845
2722,0.6074327609467309
2309,0.06519419723163906
2780,0.42562249260938056
1953,0.16163164876139266
4295,0.10620653520343443
4296,0.06519419723163906
785,0.07848019865765397
3472,0.4072960999251176
1041,0.2886843555224411
261,0.0737155608598574
3163,0.5910767271239963
646,0.06519419723163906
1188,0.3041554699842467
3212,0.12348941770377322
81,0.06519419723163906
3728,0.0737155608598574
893,0.16245216387393852
2629,0.4921049940865582
2986,0.06519419723163906
4378,0.13038839446327813
23,0.12416021135670462
1530,0.147699601976288
2691,0.06519419723163906
73,0.06519419723163906
2006,0.1500805846449786
2640,0.15305940905803966
505,0.06519419723163906
123,0.07634346285912903
3039,0.13038839446327813
3296,0.31449567542089235
2928,0.1320573145496892
991,0.18019927282226966
3012,0.06519419723163906
158,0.7764833891112938
3391,0.20439721389378163
4379,0.06519419723163906
3015,0.11071395186517424
4377,0.28034887887091153
4385,0.13038839446327813
1270,0.1639577091438514
983,0.06519419723163906
428,0.185221621145447
3126,0.722025953398224
4217,0.24655407801523255
252,0.13242788359510704
3062,0.18048406867591132
892,0.16859354697326517
756,0.06519419723163906
4024,0.22216464804832192
2100,0.5019640063414269
2720,0.16547098181791947
1029,0.04310026671604187
4109,0.05515699393930649
3826,0.5802777547807845
987,0.9565208908263906
2927,0.5956012971273
554,1.3309606410108765
3605,0.1022550496388537
1726,0.6129422094820589
929,0.2623943231621767
4144,0.24680642202184738
2016,0.2330268037440915
250,0.3992855252564333
2827,0.027578496969653244
2944,0.20547179518213973
2530,0.37979587400008047
2304,0.05515699393930649
1989,0.33094196363583894
2525,0.13789248484826622
485,0.5379652672978634
1560,0.11031398787861298
3524,0.0647537429770669
807,0.027578496969653244
3469,0.05515699393930649
4374,0.11189462701449865
3341,0.027578496969653244
1135,0.35852046060549214
823,0.810223112331613
851,0.3872475421441467
837,0.15215480671135925
4139,0.255810865351951
1015,0.25850785780958374
3328,0.1102723746960532
545,0.14914365121824816
3221,0.08239963607846613
3453,0.027578496969653244
1031,0.21972568983564217
2826,0.24479169851714752
1808,0.10657066721784861
2626,0.4351935472048187
378,0.05515699393930649
3138,0.5563504220672916
745,0.7520087952383224
4059,0.16643351595277253
1268,0.3874230865276146
2377,0.28344320034270315
2579,0.1975613426102235
345,0.027578496969653244
3234,0.027578496969653244
3281,0.15354623227426029
806,1.222575433856401
2659,0.05515699393930649
299,0.16463194629365088
2873,0.5496277607838214
1254,0.34377514296004197
3629,0.027578496969653244
1030,0.08523405561028738
2003,0.027578496969653244
157,0.16844134988899856
4314,0.027578496969653244
4315,1.7266100165409162
2207,0.620018995407479
1941,0.26071660319134327
749,0.8527723831881404
377,0.027578496969653244
2670,0.05772159158742708
951,0.6626727221792924
305,0.3660765795180059
3825,0.027578496969653244
1297,0.10217081069733727
70,0.6557487366742492
3484,0.4385429110203938
3155,0.027578496969653244
750,0.027578496969653244
2102,0.027578496969653244
3488,0.4035079215521241
1176,0.512778315174641
1312,0.280384342586936
1700,0.08273549090895974
122,0.17597524205378226
852,0.08273549090895974
3556,0.8653684428337415
1611,0.3840835878455968
3147,0.08807169042320988
2097,0.08273549090895974
3767,0.04383781235027079
1091,0.027578496969653244
3817,0.027578496969653244
648,0.027578496969653244
4036,0.027578496969653244
4037,0.027578496969653244
1832,0.027578496969653244
403,0.027578496969653244
2017,0.027578496969653244
3940,0.027578496969653244
3110,0.19908697783822182
1226,0.027578496969653244
2903,0.027578496969653244
3504,0.07526927432647633
3136,0.05388664176265941
3819,0.027578496969653244
739,0.05376757750968893
4096,0.11758701934870244
4123,0.08406544672068217
3135,0.08273549090895974
3415,0.9653394976607541
306,0.553294733508356
4188,0.5095913579970284
830,0.10668629368205215
1958,0.1452207831170652
1090,0.1906672102647468
3427,1.076568968594402
623,0.3848985910357969
3294,0.5637837562098349
3886,0.027578496969653244
3480,0.24724099405222355
1056,0.027578496969653244
3151,0.027578496969653244
4159,0.027578496969653244
4147,0.2427469409530418
3812,0.027578496969653244
524,0.23319441571144134
883,0.3833689862685164
4069,0.027578496969653244
2975,0.027578496969653244
1564,0.19975360400162545
3269,0.4850852056525802
2181,0.7005244221716032
577,0.46353407063864754
796,0.39241691353757746
393,0.1808716020084687
312,0.7212204063316038
2523,0.12730124534938897
1346,0.09805197918053311
235,0.09992984367787493
2359,0.569697763169131
1235,0.28734307912037793
47,0.12055996724312612
1665,0.2003448230113325
1145,1.6756665282775784
2083,0.6926378825268047
1509,0.24853887314174444
2046,1.0260577766433512
2542,0.09551750438193238
1040,0.027339643620305935
2388,0.04288039307822578
2148,0.41306424521140445
1413,0.2885813059135187
4324,0.8792593226659965
3421,0.12839026601640394
1000,0.3783840084730215
3661,0.13990180859868304
1121,0.26979704556295314
1548,0.38485616483293866
1855,0.7267790809536472
54,0.13179982789766168
449,0.07307829935152607
886,1.014906720765475
3170,0.3723799586710761
1273,0.3199636678563728
3746,0.1518919709081067
2511,0.11535777525312929
2096,0.3335089488099069
3841,0.5520497733791021
2421,0.1270222273098568
1850,0.6877404919653488
2062,0.2428543734085736
464,0.2112728112227015
2289,0.4064585001462408
2480,0.15070342638607845
3068,0.45013202544104836
3736,0.2609460315619035
4204,0.6452504000266172
1506,0.07270271249384082
2940,0.04583210332594112
2893,0.11015190484212506
2498,0.027339643620305935
3495,0.027339643620305935
3911,0.027339643620305935
2153,0.41276917983618006
840,0.4362770513064753
1303,0.027339643620305935
2213,0.05366676812484332
340,0.6671664190719132
3246,0.15018255379178133
2281,0.027339643620305935
2997,0.1198505344451142
3735,0.027339643620305935
1384,0.047088649834706495
995,0.5421363489593464
2045,0.7213813702924243
2790,0.12919812118900928
1715,0.027339643620305935
2550,0.08315239230866064
1220,0.03883811231588651
3532,0.07566652405585933
574,1.25775569841208
882,0.27644739489532527
611,0.1640522189878915
1996,0.027339643620305935
2917,0.06483075197714286
3719,0.22077054948917418
3786,0.027339643620305935
397,0.21782039006273513
514,0.10127532533558664
1422,0.027339643620305935
1631,0.027339643620305935
3952,0.027339643620305935
2365,0.1112735196398768
1601,0.38297966873010525
1262,0.3233040027397065
2325,0.04583210332594112
2407,1.0136705898186968
2857,0.027339643620305935
3860,0.09024669045516573
1858,0.027339643620305935
3029,0.6660775698257938
262,0.8627101352624624
3428,0.09724490319345841
2461,0.578155273207322
1391,0.10305405872129393
4091,0.13689714660592994
2788,0.4892623168086026
3734,0.052156953545165655
1328,0.19969337995970438
1105,0.0648476131878862
1720,0.027339643620305935
3928,0.23304710681527516
2415,0.052156953545165655
2627,0.2460442945157755
57,0.09046842127598961
1920,0.20932181410274867
1158,0.5313928428603241
3086,0.20553582272697613
2584,0.06718345260223521
4146,0.053938553155802565
662,0.3372646759588711
2105,0.027339643620305935
3494,0.027339643620305935
1736,0.14254740363103352
3297,0.7122408652690504
4115,0.027339643620305935
35,0.881890322252719
4347,0.7342057325938844
1212,0.149864966153252
2400,0.25578873815299225
867,0.19668424799007528
3715,0.18578650241987904
3843,0.05467928724061187
690,0.10547612574605472
4338,0.027339643620305935
1427,0.04288039307822578
3093,0.027339643620305935
3307,0.027339643620305935
221,0.24993697427102501
1382,0.08382608286884743
226,0.23954448993490962
140,0.027339643620305935
3208,0.08771981614034496
4126,0.027339643620305935
1520,0.5183802754410534
3641,0.22686200103810897
246,0.027339643620305935
3540,0.027339643620305935
3844,0.16734081765916625
3963,0.3786286079399708
2386,0.3286783986052808
38,0.2513472421383014
3808,0.16880057181793223
1125,0.17780763638629943
139,0.2264126096394819
379,0.2873477591798129
1879,0.027339643620305935
3760,0.06592338620530597
738,0.2534955420260693
281,0.027339643620305935
1594,0.027339643620305935
2378,0.9416181625623808
1518,0.154576543948207
370,0.5622978407906565
301,0.45015328681045896
3538,0.40669930027196965
990,0.14734268852412985
3612,0.4512062655079265
3222,0.14366843556638453
1508,0.22693742713058335
2307,0.6848046054024928
1336,0.1044238562676767
3697,0.8068075831041078
498,0.48092817961609985
3545,0.4428728093005667
3955,0.22734138630070336
3810,0.11039972054977965
3619,0.4712798251899301
145,0.25909800597968796
3827,0.027339643620305935
2763,0.027339643620305935
2488,0.2089293487546283
1587,0.38966145699531385
2509,0.3392054790157312
1017,0.4115406727024159
218,0.3406977105771634
2224,0.12075806456498592
1001,0.3901086163448588
2734,0.49020905954928473
4313,0.12190673225243617
2379,0.7481554705556535
2757,0.22609932135525493
134,0.15872823502974048
2342,0.4135749118247848
692,0.8565193998580479
4271,0.9063428027936846
2076,0.24381346450487235
480,0.12190673225243617
2956,0.25943872030223625
3599,0.5973960302931102
3622,0.6424175528460573
2293,0.1407193878684694
3668,0.21119462149451274
2156,0.5270013437556811
2534,0.13288472306956722
3034,0.12190673225243617
1999,0.18769609942105597
2491,0.1527262300013036
3032,0.5114591388620188
3432,0.2651916334787005
4281,1.9076922997286783
2980,0.3283567393869831
3243,1.1740034323987403
1968,0.2142089760719851
4359,0.18731921265580265
2855,0.06800796941678743
3470,0.16819890722242378
3564,0.16137364742290505
3621,0.06800796941678743
1638,0.14292107677896543
3801,0.16457455303999044
4042,0.16457455303999044
2787,0.24561775627952645
493,0.3603305361920387
164,0.4844196917076752
390,0.47952702937567115
3555,0.2288455046078959
3636,0.1019706177088961
3852,0.4586624054913687
1756,0.9045273761819937
1562,0.16334926859925608
3385,0.40636941931625375
307,0.17644564911112254
1174,0.1820011435802908
1484,0.21903755951547474
3541,0.06800796941678743
382,0.39964310782968393
708,0.06800796941678743
907,0.38345676414830465
2186,1.0353418901490994
1201,0.4719742202328706
3316,0.16257646347644394
1859,0.44283716160091097
3938,0.3235746555264167
3512,0.18076372479895256
2907,0.5247790114847376
1706,0.6884481720691293
3965,0.48470195332230387
3768,0.26989524478210636
584,1.047421462507766
3854,0.16870480633044949
697,0.1405027197040677
4345,0.5142398727792937
1911,0.6809297611408159
4177,0.2810054394081354
3831,0.07025135985203385
2772,0.07025135985203385
2258,0.08238226809310059
2408,0.04866424336403267
2902,0.3232722294407
1102,0.09086466382843515
3042,0.14357921410289776
2264,0.1987073866001495
908,0.03512567992601692
1732,0.5630395823574144
2193,0.07870811463817651
2438,0.03512567992601692
4344,0.24622575578010658
758,1.7493541030667084
2982,0.03512567992601692
475,0.07833998733076132
801,0.03512567992601692
695,0.2960399928951053
260,0.03512567992601692
3972,0.1861626846782316
2704,0.1447826139079097
766,0.28735667807781895
2871,0.5851801171100492
1320,0.03512567992601692
3600,0.5212240337834474
1849,0.2618848609473812
1502,0.48817136646113746
265,0.03512567992601692
263,0.12561703649132236
4334,0.03512567992601692
1614,0.25680858249212674
3654,0.05004773710493866
463,0.14468454513714013
1993,0.03512567992601692
2262,0.03512567992601692
2803,0.36852902110441815
2785,0.03512567992601692
943,0.4201654473773662
1889,0.03512567992601692
3251,0.24680829663277598
847,0.11085353233895479
1639,0.3120596744506423
4235,0.44927290282164223
836,0.41379763659384133
833,0.03512567992601692
2693,0.03512567992601692
1414,0.09673598527298576
62,0.07025135985203385
1864,0.03512567992601692
1874,0.03512567992601692
53,0.12343715677244302
1531,0.14931864200480058
202,0.07025135985203385
3778,0.14122952597809232
159,0.03512567992601692
1420,0.03512567992601692
150,0.03512567992601692
2428,0.20159469071532463
32,0.03512567992601692
494,0.07590209740731678
1881,0.10064563659284485
800,0.050785282739167575
1344,0.03512567992601692
3653,0.09809891960793424
621,0.11523145597357667
264,0.07025135985203385
3253,0.314410819427473
3078,0.07435079662894808
4184,0.08856201083195915
649,0.126159756279466
3028,0.09557795502939265
765,0.03512567992601692
1759,0.28035353964066206
2175,0.3361381712063894
1717,0.23772642089643414
249,0.060834112151556194
3217,0.13541479341906462
48,0.13698196139645424
481,0.8823147459176843
2012,0.09355680254141742
515,0.03512567992601692
1232,0.07435079662894808
1762,0.03512567992601692
4337,0.15427534139458476
2397,0.4950466230523536
1351,0.4710528136820025
1147,0.03512567992601692
2070,0.18156859379530021
1740,0.2332290376203465
3959,0.3372139973569898
2068,0.04008687805847538
373,0.04008687805847538
170,0.10397383040797241
2844,0.10397383040797241
1705,0.2881242993412757
213,0.2570268163059375
2911,0.29070776498911155
2336,0.2605647073800899
1225,0.1628368948506354
1064,0.07043766695499185
2948,0.03806060670639476
4019,0.10021719514618845
2804,0.06968499235513292
1890,0.36884734297985877
4164,0.08552307865696676
1619,0.13750999386095297
2191,0.02004343902923769
1283,0.732948238376294
3023,0.04008687805847538
4300,0.0604670173917918
1785,0.11929486107780732
1925,0.2131877935386118
630,0.10021719514618845
3255,0.3122362866643217
632,0.06013031708771306
33,0.867590632394165
1653,0.09383317379380894
912,0.724620692829068
1622,0.10397383040797241
1621,0.37899381812987837
273,0.04008687805847538
3853,0.02004343902923769
1987,0.1884922492774735
775,0.08552307865696676
1815,0.02004343902923769
3061,0.04008687805847538
3060,0.02004343902923769
4023,0.02004343902923769
4366,0.02004343902923769
2273,0.02004343902923769
1118,0.02004343902923769
3688,0.0863423616870882
3189,0.02004343902923769
2752,0.3389320732471531
2125,0.2986668340232826
2486,0.1603475122339015
4022,0.2327740801258285
3909,0.06013031708771306
1498,0.06013031708771306
3403,0.20618701102312387
2479,0.11581927264480872
1955,0.08888841870599748
2420,0.10021719514618845
3904,0.02004343902923769
1298,0.02004343902923769
2806,0.08077207764259967
2478,0.02004343902923769
4304,0.23653238605404076
3465,0.24553429416590383
2517,0.08017375611695075
3866,0.23834365932078677
3410,0.35816437166426507
4038,0.06013031708771306
2453,0.6624313149738355
1620,0.10397383040797241
2462,0.04008687805847538
3543,0.08492671682999245
1189,0.1501029076053822
3740,0.34302324081233554
2449,0.22787765774333307
539,0.02004343902923769
4306,0.02004343902923769
3203,0.1577079637176631
3097,0.08169241471804724
3004,0.05781743412880739
3903,0.02004343902923769
2019,0.02004343902923769
3969,0.02004343902923769
705,0.02004343902923769
2610,0.02004343902923769
3125,0.02004343902923769
3321,0.08296723041879057
2308,0.05060331387861038
993,0.05882296637526871
1533,0.02004343902923769
2725,0.02004343902923769
1224,0.13055607076933956
2296,0.3289154961516791
3705,0.02004343902923769
1359,0.02004343902923769
4200,0.04879054065826151
2942,0.15293333656953995
2188,0.6965723211690719
3402,0.1008640230379885
1453,0.02004343902923769
401,0.02004343902923769
2609,0.02004343902923769
2109,0.1715619714071602
3645,0.02004343902923769
2572,0.06013031708771306
2897,0.14800411723190424
660,0.1456213012210297
2816,0.02004343902923769
3549,0.23424763304842441
839,0.05655489993435829
3677,0.02004343902923769
3021,0.166985207581781
4066,0.12469552343093004
1264,0.02004343902923769
3990,0.05123424060412729
3286,0.3907487704154898
259,0.2372155262659865
2737,0.17374143421292365
1216,0.1704169743431482
133,0.02004343902923769
3102,0.14693364669195536
1623,0.34450265089790844
3809,0.12026063417542612
3758,0.02004343902923769
3902,0.02004343902923769
4107,0.02004343902923769
936,0.1760268260007246
1194,0.02004343902923769
2128,0.05060331387861038
519,0.30175338781777794
2828,0.04008687805847538
1407,0.1652700894693494
2677,0.040372214624263075
1940,0.6159677678106179
1624,0.3414379181098442
66,0.09269621549310587
2662,0.3449926894397411
1985,0.06013031708771306
3026,0.02004343902923769
3376,0.02004343902923769
513,0.02004343902923769
4062,0.02004343902923769
3679,0.06013031708771306
4094,0.11704835088128962
3374,0.02004343902923769
2983,0.12786446681221034
1334,0.05123424060412729
3383,0.48109783103256487
198,0.16348185612701097
3527,0.14214528238809226
3798,0.04008687805847538
810,0.02004343902923769
589,0.02004343902923769
4255,0.02004343902923769
2008,0.02004343902923769
3017,0.047801705037347104
3091,0.02004343902923769
4198,0.11436342438719937
3784,0.02004343902923769
2360,0.02004343902923769
4258,0.4948703754472503
1833,0.06013031708771306
939,0.02004343902923769
300,0.12026063417542612
1836,0.04008687805847538
1733,0.02004343902923769
1307,0.12581937247577507
3245,0.42879421824140457
400,0.02004343902923769
3637,0.0659862772833974
1067,0.02004343902923769
361,0.04008687805847538
661,0.02004343902923769
2241,0.02004343902923769
171,0.02004343902923769
4382,0.05516204410359224
1679,0.2711911765800627
1892,0.21991642354959334
1428,0.09878565980946544
2346,0.02004343902923769
3162,0.4882459438820513
165,0.6383427315469583
4155,0.05882296637526871
4165,0.051986915203986205
1111,0.02004343902923769
979,0.02004343902923769
4251,0.02004343902923769
2991,0.02004343902923769
2775,0.02004343902923769
3400,0.1227961616578166
2010,0.02004343902923769
380,0.1507202442527112
2135,0.1015733245177401
3673,0.02004343902923769
2267,0.15914300389124958
631,0.02004343902923769
1060,0.02004343902923769
1926,0.02004343902923769
2621,0.02004343902923769
12,0.23100970972509094
34,0.06461724456458182
3372,0.04008687805847538
1775,0.3650709810252727
613,0.02004343902923769
2297,0.02004343902923769
2912,0.2004343902923769
1286,0.02004343902923769
1891,0.02004343902923769
879,0.02004343902923769
93,0.27073640582154673
1450,0.06013031708771306
26,0.07115079661837961
4219,0.2280741306016217
2885,0.08584326867768996
3405,0.046782709831820306
5,0.02004343902923769
1668,0.21129804547782716
1376,0.3716685554677271
659,0.12834443574560456
3678,0.11013335338731403
1319,0.12453999587407834
163,0.16662202816569935
1908,0.07043766695499185
2597,0.04008687805847538
1451,0.02004343902923769
593,0.09550035100227242
2589,0.11767056027272829
3836,0.02004343902923769
2094,0.02004343902923769
1786,0.02004343902923769
2322,0.04850383542946763
2446,0.02004343902923769
992,0.02004343902923769
1049,0.15141744213235564
1198,0.02004343902923769
2075,0.02004343902923769
1088,0.22639841256695045
3190,0.0661383962897911
3401,0.1893203569196779
254,0.05967433638955144
22,0.0858179668287734
858,0.15837248924127478
4015,0.06901314574825845
1388,0.3478268896051891
2363,0.02004343902923769
3655,0.02004343902923769
4092,0.12404005423271727
238,0.48258905356219484
784,0.0391156681154977
3362,0.11422568371190608
931,0.02004343902923769
932,0.02004343902923769
4348,0.11611721414363643
3280,0.20673899543587687
217,0.02004343902923769
2343,0.02004343902923769
125,0.24731796423303704
3530,0.14112427730662075
4154,0.1326182283956383
3036,0.12000856753977696
2056,0.10457600542988608
3306,0.02004343902923769
894,0.02004343902923769
559,0.0948977822962117
2841,0.06615494945296028
2159,0.05123424060412729
2888,0.05655489993435829
3127,0.04008687805847538
4105,0.123205476454126
2739,0.02004343902923769
2835,0.12739581931944782
455,0.06013031708771306
402,0.02004343902923769
1061,0.20951549587648574
974,0.04008687805847538
4316,0.02004343902923769
1343,0.10857354970643285
2770,0.02004343902923769
3639,0.508169905323985
973,0.02004343902923769
3063,0.08127289967068163
1114,0.0659862772833974
1073,0.02004343902923769
2392,0.19280284579037954
2223,0.02004343902923769
724,0.02004343902923769
1184,0.07641193841516822
978,0.02004343902923769
2123,0.02004343902923769
1547,0.09049431581743653
2217,0.583529074828085
3254,0.04695703949060613
4149,0.16812509433981437
3979,0.09770742105723326
189,0.22704987691167014
1988,0.4272808668830132
759,0.23464632952630105
2305,0.1369879166627323
3975,0.02004343902923769
4220,0.20457756906152266
1963,0.02004343902923769
2157,0.02004343902923769
3861,0.31198855292021216
1696,1.4445822558929704
3744,0.2926127774975602
1523,0.23279416022356395
3350,0.11453771936532049
3310,0.7809958189951913
2348,0.3463979608840553
1522,0.1366697100743186
2753,0.1191072740295907
633,0.11453771936532049
602,0.8070663093400428
1737,0.18479720112802756
1738,0.31215170311609985
626,0.501550403889642
2352,1.7945528534069466
2072,0.6678799203242053
817,0.0742088800360228
2240,0.1403556746412443
2483,0.2039794615130106
271,0.0742088800360228
3271,0.0742088800360228
645,1.5428151617219028
3633,0.0742088800360228
3070,1.7566922016896676
3027,0.31365892907083476
2904,0.6841645754552351
857,0.0742088800360228
2059,0.0742088800360228
617,0.0742088800360228
1416,0.12043302575680995
1978,1.3437043514360785
3342,1.450925708642081
3842,0.30114198384441593
1584,0.10038066128147198
3865,0.3459813507724323
3603,0.44759422710274477
4328,0.29462915444388604
126,0.5744036250918284
2490,0.10038066128147198
2426,0.8343088945977447
4321,0.5201685503188319
1724,0.10038066128147198
486,0.11432569845401466
404,0.552757126576155
2602,0.16824701033905337
1648,0.10038066128147198
415,0.10038066128147198
4135,0.5060865867805928
3220,0.36514712619136
1271,0.23841325522865248
2405,0.1756156956945486
1640,0.18464163574825948
528,0.23525657708020245
3953,0.19887501183692352
212,0.1686955289268643
3523,1.0028797671764145
3506,0.5821505168470702
921,0.4117179527204158
2403,0.2811172844575804
977,0.020438670062739507
3019,0.2461793363675324
3360,0.020438670062739507
1927,0.020438670062739507
2404,0.040877340125479014
2394,0.18377541859311577
1109,0.05962148819051821
3934,0.3429766363277467
3020,0.06131601018821852
952,0.020438670062739507
2585,0.15791837983748253
4016,0.088197200611017
279,0.14412082354522407
2316,0.06376749244852503
3614,0.07991396647469386
3922,0.020438670062739507
3752,0.4747559678095298
3459,0.08438945020836869
3838,0.020438670062739507
1965,0.4694893303626077
4246,0.2058589763602079
1495,0.1565335823991529
953,0.020438670062739507
3274,0.5148286792653307
3660,0.06131601018821852
3701,0.020438670062739507
3988,1.0693059773207447
359,0.11022395103018251
3018,0.29657805701252304
1022,0.020438670062739507
1503,0.3537251758339745
112,0.37690341000385463
2402,0.13060066826283545
2284,0.3087381037299936
850,0.13959815274624315
3348,1.2597317269567323
2039,0.020438670062739507
2271,0.040877340125479014
1185,0.020438670062739507
1379,0.1301549779144136
783,0.2453700993491933
2947,0.078506647686594
518,0.2036643765277441
3921,0.020438670062739507
376,0.09770034621971024
178,0.1151041493980941
3753,0.24327287186407354
903,0.42797997134432236
640,1.4223941172657253
410,0.45469203230782007
2578,0.08360736435027918
80,0.09043280987224422
4268,0.020438670062739507
2484,0.03248550237878057
3828,0.28063459829710824
805,0.020438670062739507
2367,0.827443679898489
1079,0.0868737049850332
1021,0.020438670062739507
280,0.17555224083341617
1825,0.44880561844783856
3525,0.08343349765674594
2586,0.020438670062739507
751,0.08297099067622893
3359,0.020438670062739507
1053,0.07488736427928774
1274,0.07550470540257598
3757,0.020438670062739507
575,0.07104367605439442
2373,0.35104270720289343
3656,0.5088592280984536
3536,0.0453223591388171
488,0.23061102247976853
712,0.11508205639842053
736,0.3459200710884299
1265,0.2697484494215596
398,0.04483600011547123
4098,0.0835098045496687
3154,0.13131472778644707
4249,0.09143108370285742
1853,0.5186778564396074
2965,0.4062161162814668
2277,1.0943734131284588
746,0.24270842336593626
1477,0.15363521063906446
2648,0.11931015427103189
4124,0.04483600011547123
1251,0.07208223010751401
4110,0.017739309421520657
3749,0.08817589070339242
1276,0.017739309421520657
2923,0.08587542206853865
2485,0.0507979914283648
283,0.02899264676294637
2306,0.7895270256944397
2341,0.11267285689846149
4327,0.12012609100987934
241,0.045101078570224246
3877,0.017739309421520657
2941,0.017739309421520657
3951,0.017739309421520657
3412,0.030031522752469834
277,0.3292586804110632
1753,0.017739309421520657
136,0.06766098790042081
2198,0.08992882164122695
2976,0.19850079216523425
2616,0.056355447486849265
3584,0.15459369452420604
1375,0.017739309421520657
3219,0.3115526634163901
266,0.047685040754845476
3878,0.017739309421520657
1432,0.017739309421520657
2540,0.540563057528818
1970,0.4410154300676286
3933,0.43039828492952253
71,0.5741565695469326
2644,0.039127116811774776
3098,0.08642662782244628
4106,0.22868071155355113
2628,0.2524655595974281
2033,0.10827804926264631
1681,0.019563558405887388
2922,0.07195174675039738
1048,0.3398461792716539
1646,0.07144441882282052
2791,0.21615687129279015
270,0.019563558405887388
2639,0.06820529137036724
325,0.32848100689490495
3128,0.19971443584237952
37,0.08592766843375081
3283,0.11273481618992129
1563,0.12086049130664507
1784,0.3446730783040171
3291,0.22145108206225855
1372,0.019563558405887388
4343,0.019563558405887388
3011,0.17015274469136754
3485,0.019563558405887388
3406,0.11699410515949638
1478,0.2121698808723452
935,0.15733058974963537
4009,0.17528277505980858
1292,0.06134387536341834
1689,0.09780679870323994
2440,0.019563558405887388
747,0.019563558405887388
3913,0.3802240021168302
2098,0.4401321669756262
2391,0.10203475040848763
2561,0.019563558405887388
2294,0.04723091125149824
1172,1.034175550105225
682,0.19275278775156246
3966,0.3835269327191168
844,0.19275278775156246
3183,0.6608433318729312
3324,0.23990881813205972
933,0.10211466022201274
947,0.1599392120880398
3546,0.0799696060440199
161,0.16783690192548423
3733,0.1741292531874495
1938,0.48931222213616526
1770,0.20956690408808062
3422,0.4613762903161642
3518,0.0799696060440199
1070,0.25419578021986045
1904,0.13654116206577727
2998,0.1280358972030685
3040,0.3301836126760598
3242,0.1599392120880398
803,0.14546125738614016
1051,0.21944207603430646
3186,0.0799696060440199
3983,0.5002046447772739
1857,0.0799696060440199
1935,0.0799696060440199
4194,0.4300736777414091
4090,0.2772816908491114
1473,0.4911947389549258
2605,0.10751841943535227
3998,0.10751841943535227
877,0.27335855624954475
1694,0.10751841943535227
236,0.10751841943535227
3033,0.22781002768276293
1169,0.10751841943535227
4253,0.12237501851263051
162,0.2113248289384158
97,0.12089627766269502
930,0.37535130670576045
4322,0.022079488629750614
2931,0.15899444218473796
117,0.20161419140770379
1474,0.22135232983410746
2731,0.19062875195186868
1117,0.022079488629750614
1807,0.06623846588925184
2908,0.022079488629750614
1803,0.022079488629750614
3131,0.17326265096380264
3440,0.09329996055831216
2444,0.022079488629750614
2459,0.022079488629750614
1445,0.09924422502018287
1725,0.022079488629750614
1332,0.14095899403603224
4356,0.054320951819698614
2576,0.022079488629750614
470,0.09028003650613325
2184,0.4400889414830988
1417,0.21533199141060605
1865,0.022079488629750614
1921,0.022079488629750614
2880,0.022079488629750614
675,0.2532657848200077
4350,0.022079488629750614
3572,0.022079488629750614
3793,0.022079488629750614
3347,0.022079488629750614
421,0.022079488629750614
1378,0.05575142546618403
1025,0.022079488629750614
1037,0.10891149246576864
1802,0.04415897725950123
3881,0.1976835698488434
2099,0.03399593858706803
192,0.109922164891784
2463,0.10852915767258717
3056,0.03399593858706803
4360,0.022079488629750614
1986,0.10161587582578299
2792,0.04494728870080407
1991,0.09965214326401818
1704,0.022079488629750614
715,0.04909637942698409
1675,0.11039744314875308
1514,0.5352428694028105
1885,0.10063395201723624
3169,0.15418281454813115
3880,0.08831795451900246
3882,0.26495386355700734
666,0.12961170576505165
4286,0.05435183684186026
2612,0.022079488629750614
1310,0.022079488629750614
2832,0.19643352185155655
4117,0.07295871103547981
1385,0.06623846588925184
4158,0.06623846588925184
3113,0.24217609333598963
2471,0.1766359090380049
4386,0.18710853820140477
2243,0.3098638011477907
1309,0.11039744314875308
1491,0.022079488629750614
2229,1.349405477653344
3766,0.07088740722988339
446,0.022079488629750614
1335,0.022079488629750614
1809,0.022079488629750614
1961,0.022079488629750614
3164,0.061430444362427894
317,0.25700629591318125
3044,0.30344527674917127
194,0.4367193536713493
1553,0.11277244534431939
1499,0.0873054675437037
1043,0.022079488629750614
2204,0.04882459439602484
3184,0.022079488629750614
2047,0.10863857201039812
1377,0.09217119156015227
4288,0.7067614914840686
115,0.19871539766775553
1789,0.19871539766775553
2472,0.022079488629750614
940,0.022079488629750614
1902,0.022079488629750614
1960,0.022079488629750614
233,0.022079488629750614
2417,0.47716610148842953
789,1.2719805002362572
1672,0.022079488629750614
2455,0.07088740722988339
2310,0.022079488629750614
1673,0.022079488629750614
4041,0.022079488629750614
986,0.022079488629750614
1922,0.022079488629750614
2568,0.022079488629750614
240,0.23804804134787397
2311,0.022079488629750614
2454,0.022079488629750614
1039,0.03298794761970622
948,0.12945937071564972
3373,0.022079488629750614
399,0.022079488629750614
2971,0.06060329479998122
3132,0.022079488629750614
3073,0.022079488629750614
683,0.12405845801592676
169,0.037983912075760046
2060,0.037983912075760046
4260,0.059587918400983535
479,0.037983912075760046
232,0.10107477682133295
8,0.10027107477287597
1549,0.1806694828974153
3777,0.07517776114159261
177,0.21081764954401966
3275,0.0746460691592472
1084,0.07404372822996924
2450,0.07596782415152009
99,0.12275966286172882
320,0.07596782415152009
1972,0.18693320981621395
1299,0.07596782415152009
2347,0.1957656696619244
2996,0.11395173622728012
1597,0.037983912075760046
3444,0.037983912075760046
3313,0.09262636490610242
1244,0.5299105214692924
2950,0.5059050802225831
2115,0.07511977424821532
2299,0.70703867056337
3520,0.4743908182912707
1603,0.33666292834544803
1236,0.14426361117623193
352,0.19647112746698628
2848,0.0486365682872475
1285,0.2677376772201182
798,0.24125918564033177
1618,0.037983912075760046
478,0.037983912075760046
2620,0.037983912075760046
1294,0.15775052282297036
4233,0.037983912075760046
3598,0.037983912075760046
3090,0.0677491317859317
2020,0.037983912075760046
1066,0.49147366948812254
4000,0.1537502617451025
49,0.037983912075760046
2979,0.19344239710489658
3762,0.037983912075760046
460,0.037983912075760046
2545,0.037983912075760046
1512,0.037983912075760046
495,0.05343209110720572
3334,0.9015793474193204
1887,0.4282080838122158
4025,0.2687833548762121
3620,0.10917865000704771
3273,0.2538623112190361
2007,0.21628830481453337
2209,0.32405207018601034
4021,0.3107388636306422
590,0.10917865000704771
2457,0.30562894442923405
3176,1.1998685183412716
3095,0.14251938613081228
3065,0.10917865000704771
4167,0.49210886661952224
190,0.13393547774956868
3628,0.13055620416848812
3691,0.2509200466075735
1143,0.1972318783701199
4048,0.21835730001409542
958,0.6132751155669248
3942,0.17234945389819864
2518,0.15100298586676214
960,0.7053026193279874
1186,0.15817936301178764
3456,0.08617472694909932
963,0.04308736347454966
3876,0.3860194010379625
490,0.11800693130889299
3774,0.04308736347454966
2170,0.04308736347454966
1187,0.13667245488346622
3332,0.14918110483066221
1167,0.04308736347454966
959,0.08617472694909932
18,0.07101889339466855
3754,0.06032848138018586
3455,0.04308736347454966
2355,0.04308736347454966
1199,0.04308736347454966
3137,0.04308736347454966
970,1.1190110320984386
3725,0.37211410757094476
3148,0.7803075600591283
2413,0.1339610787255401
3724,0.09295847968282674
2886,0.1460018936430789
916,0.25261340528428744
2141,0.014884564302837789
2533,0.014884564302837789
2887,0.08930738581702674
937,0.1398022793068801
2120,0.4423323505434513
324,0.014884564302837789
716,0.014884564302837789
1794,0.13810012685721254
3352,0.07070097270338763
985,0.0627531285980829
2575,0.014884564302837789
2962,0.08060799585894432
2414,0.10419195011986453
3191,0.014884564302837789
3236,0.04465369290851337
3168,0.029769128605675578
1209,0.09166782512705011
2695,0.04208232728702289
1331,0.19943053098691133
321,0.014884564302837789
2779,0.014884564302837789
4058,0.04220139153999336
251,0.014884564302837789
4168,0.24009389296304207
714,0.13992254476328894
1570,0.14306951694284292
341,0.1036543203026157
3167,0.06684142872692928
2884,0.2237097568351136
3180,0.10017892785103094
2933,0.014884564302837789
4229,0.09488541699518256
3507,0.09563656691492559
89,0.04465369290851337
668,0.34234497896526916
4214,0.06669898636932702
203,0.9367220243566768
2688,0.029769128605675578
4230,0.06684142872692928
4174,0.014884564302837789
2668,0.014884564302837789
3173,0.05590320191659247
2999,0.1984743986830857
92,0.014884564302837789
3244,0.049128222610152546
185,0.059538257211351156
2934,0.029769128605675578
1973,0.038324085844772586
94,0.16484912725368672
669,0.014884564302837789
2685,0.027372735731036553
2702,0.22192191303865466
331,0.014884564302837789
3069,0.4996823969518963
3664,0.0830937354911187
1092,0.1230960825396366
1355,0.014884564302837789
362,0.014884564302837789
3788,0.25556510561196794
3111,0.014884564302837789
4317,0.014884564302837789
1507,0.1666949405333155
1479,0.20960512163836809
2960,0.10419195011986453
3299,0.04465369290851337
3130,0.029769128605675578
1113,0.014884564302837789
1758,0.09376979696460588
3213,0.14982884658221257
4073,0.06426420437385191
601,0.014884564302837789
3696,0.17111753179147454
2603,0.014884564302837789
2535,0.029769128605675578
2667,0.029769128605675578
2963,0.0667411510185467
1942,0.11649272510780538
1435,0.1574662137536633
722,0.10267034798976254
1903,0.11585851198377016
1120,0.0504131027291857
2023,0.6496294849567522
3570,0.06629302435533022
713,0.056174986947551714
512,0.014884564302837789
767,0.0422080981161996
3431,0.10226784096048272
1768,0.12435718995460882
1873,0.014884564302837789
4113,0.014884564302837789
3413,0.04303173000351542
2551,0.16071969193304445
3235,0.014884564302837789
791,0.3397181766870596
3301,0.014884564302837789
1058,0.29502611751921526
689,0.0422080981161996
1108,0.014884564302837789
375,0.2978375818624187
2202,0.16478097070505435
4312,0.13047574128084707
4248,0.05492699023501812
2433,0.33128260848195284
327,0.05492699023501812
861,0.05492699023501812
2630,0.05492699023501812
242,0.6155247512504669
469,0.2700117820828506
871,0.07906197516064706
416,0.05492699023501812
4284,0.17409148345056516
2321,0.16834909222904437
2564,0.05492699023501812
2260,0.05492699023501812
3919,0.14961012729750822
3491,0.05492699023501812
4275,0.10985398047003624
3879,0.07894291090767659
3920,0.4492805105089299
3353,0.16478097070505435
1524,0.31667373669443555
2232,0.09001928966581567
3912,0.18442619963109538
405,0.2307491571524055
1838,0.05492699023501812
924,0.33728829596426346
2773,0.21970796094007247
3642,0.09734521912504528
15,0.05492699023501812
1069,0.05492699023501812
3007,0.05492699023501812
2425,0.1951300715206319
1295,0.0913693051634279
3257,0.05492699023501812
2833,0.05492699023501812
3606,0.08090218290450868
1044,0.05492699023501812
143,0.11338454191692879
364,0.0806154776757148
2011,0.1848217712127032
1829,0.05492699023501812
4173,0.05492699023501812
1567,0.05492699023501812
3140,0.20667230192234326
444,0.1408314399652656
3674,0.05492699023501812
4384,0.05492699023501812
880,0.09217877216861493
1718,0.05492699023501812
3837,0.05492699023501812
3331,0.09217877216861493
1642,0.23354968902625264
4206,0.10985398047003624
3487,0.05492699023501812
4293,0.10128402917269291
4003,0.500988505228752
1308,0.14144107012176188
3632,0.12297630116096755
188,0.10995470340339904
1776,0.07122731036174486
3565,0.05492699023501812
4274,0.05492699023501812
452,0.05492699023501812
3522,0.05492699023501812
3211,0.09443296813784119
4276,0.20068652463134992
1821,0.05492699023501812
4287,0.08720827814475539
811,0.07991334728359427
1526,0.05492699023501812
989,0.5096537784424815
108,0.05492699023501812
2496,0.10985398047003624
2778,0.05492699023501812
1221,0.05492699023501812
3046,0.19381558813389488
3262,0.05492699023501812
586,0.7630671029321475
1137,0.1831533284338955
267,0.03264729581096877
4013,0.07857261553131965
1539,0.16879005302274738
3010,0.08787324208851488
588,0.3591202539206565
1488,0.03264729581096877
3050,0.07276910174399961
10,0.25350436490487865
4012,0.03264729581096877
1301,0.15335036069091365
1632,0.05704285026217858
725,0.03264729581096877
439,0.04372400903289944
3597,0.03264729581096877
4151,0.2602190699838531
1967,0.08709593394064057
2939,0.03264729581096877
4305,0.03264729581096877
3493,0.06529459162193754
853,0.06529459162193754
4192,0.15779788924365412
3991,0.03264729581096877
732,0.03264729581096877
2914,0.03264729581096877
3992,0.03264729581096877
1691,0.15242731455335587
2452,0.1419686743914182
2728,0.03264729581096877
587,0.03264729581096877
1481,0.03264729581096877
2802,0.03264729581096877
2116,0.18962791633030424
1243,0.21452541924251037
3706,0.0940341176786204
3927,0.08808659391015203
2192,0.03264729581096877
3785,0.03264729581096877
2508,0.03264729581096877
1633,0.03264729581096877
205,0.18031975327131963
2672,0.12032212964647476
1888,0.2913911159199884
4152,0.17072970527754014
419,0.2058089882110264
1347,0.09765186383386619
2398,0.03264729581096877
3304,0.6193276545456413
4166,0.14572415401073913
118,0.03643103850268478
1501,0.26444707482294444
3625,0.3327079321137054
2916,0.09036874641644535
3796,0.05815843892115405
2898,0.06052593003669715
96,0.03643103850268478
3996,0.03643103850268478
868,0.1486861492383113
629,0.10929311550805436
3730,0.07286207700536956
3956,0.07286207700536956
3264,0.03643103850268478
453,0.10929311550805436
3680,0.03643103850268478
1527,0.07286207700536956
2883,0.1414154015251168
501,0.03643103850268478
523,0.03643103850268478
1962,0.03643103850268478
1304,0.07515254162434269
2877,0.03643103850268478
3669,0.03643103850268478
2412,0.07740673759356895
4077,0.07290284583078231
597,0.03643103850268478
6,0.07164031163633322
95,0.03643103850268478
387,0.03643103850268478
3505,0.03643103850268478
2034,0.07286207700536956
3037,0.40351443973808443
1112,0.03643103850268478
1899,0.11514998578533076
2810,0.07434307461915565
1065,0.03643103850268478
3022,0.14196372056173584
1966,0.0648914918319553
4225,0.14454443508707698
3591,0.07286207700536956
3439,0.18560949181768777
2032,0.03643103850268478
4223,0.13337819945156085
3720,0.03643103850268478
1085,0.03643103850268478
174,0.03643103850268478
3305,0.14254861962194193
3370,0.03643103850268478
1980,0.09223807002566349
1592,0.03643103850268478
2018,0.03643103850268478
719,0.03643103850268478
3824,0.03643103850268478
1625,0.03643103850268478
1582,0.03643103850268478
4065,0.03643103850268478
3803,0.03643103850268478
1191,0.19196078500707492
534,0.03643103850268478
3994,0.03643103850268478
2819,0.03643103850268478
4308,0.06203574461637482
1284,0.03643103850268478
3377,0.09054873893218154
1842,0.03643103850268478
2136,0.03643103850268478
1698,0.2509973046169129
2870,0.5150776444601809
1083,0.4157970996186473
272,0.25753882223009045
3557,0.12876941111504522
1289,0.6532159922548044
3533,0.25753882223009045
1016,0.15396938421885814
2637,0.15396938421885814
2990,0.3099102590621795
2150,0.4187896103472266
2513,0.3385417819438345
3474,0.2874277188558618
1218,0.12876941111504522
356,0.22283952123436346
3185,0.21682096844846938
1992,0.23706184016259893
98,0.2806035960331339
1804,0.17167678326205682
2053,0.12876941111504522
3769,0.19235653040580744
333,0.12876941111504522
323,0.05634071987005805
1367,0.13393084526823526
3388,0.2693772307443246
181,0.23455640105486555
2797,0.17143812686271626
2972,0.029319550131858194
4108,0.029319550131858194
4082,0.029319550131858194
1349,0.029319550131858194
2799,0.029319550131858194
2703,0.029319550131858194
3284,0.09473405683741477
730,0.14773868971591841
1157,0.029319550131858194
293,0.20801612743189796
1680,0.08795865039557459
1863,0.029319550131858194
4277,0.1214495694773257
4254,0.15083282606569282
688,0.029319550131858194
28,0.14659775065929098
2332,0.11768059210373638
2331,0.1225856779225119
4150,0.16459795252954312
1380,0.06507937331029241
3448,0.029319550131858194
1769,0.029319550131858194
4088,0.1384797775963664
2875,0.5855333630120736
3187,0.19505482914686123
556,0.09117952248520372
981,0.07274074729126652
3755,0.12276440461639303
1392,0.029319550131858194
2631,0.029319550131858194
237,0.029319550131858194
607,0.09940459920460472
2544,0.029319550131858194
90,0.26674650689877444
3171,0.029319550131858194
1793,0.3619976833720667
1634,0.029319550131858194
964,0.029319550131858194
962,0.029319550131858194
2590,0.029319550131858194
2505,0.20254951658630715
4145,0.029319550131858194
1975,0.09938620838665393
1813,0.6070644457170055
2303,0.463344533693928
4269,0.231672266846964
4272,0.7155037197488632
83,0.7540322156647372
1555,0.04139333622720494
595,0.1438268222797418
2521,0.04139333622720494
348,0.04139333622720494
1771,0.04139333622720494
2121,0.04139333622720494
3375,0.04139333622720494
3805,0.04139333622720494
522,0.16557334490881975
3981,0.16557334490881975
4390,0.5909421708286107
3364,0.08278667245440988
84,0.12418000868161481
245,0.07297764720897218
2022,1.1574866166920883
2935,0.0777845744097898
686,0.04139333622720494
4005,0.04139333622720494
2838,0.04139333622720494
2278,0.14704942739853344
3247,0.04139333622720494
224,0.2797283388992039
1369,0.07352471369926672
2074,0.08278667245440988
1045,1.201714017143463
795,0.08278667245440988
1178,0.07352471369926672
472,0.11152673288852585
1279,0.04139333622720494
3433,0.04139333622720494
1929,0.04139333622720494
1463,0.24487411658617875
740,0.39517867862797357
4375,0.13829414413181723
3129,0.574039477139409
816,0.3171481689164539
3887,0.10786741907442277
1421,0.0629905460579034
3567,0.44093382240532375
3967,0.0629905460579034
3999,0.14532136398076462
2390,0.0629905460579034
1305,0.0629905460579034
1469,0.08648478651060584
3568,0.0629905460579034
1767,0.0629905460579034
1054,0.0629905460579034
3361,0.08649149308681207
3658,0.1259810921158068
2945,0.0629905460579034
4001,0.18061448837439237
1460,0.238486901152424
3874,0.0629905460579034
3237,0.24418668236021657
3287,0.0629905460579034
3458,0.10047546991222528
454,0.0629905460579034
2147,0.2670349886683734
2369,0.4817216197309262
2458,0.4817216197309262
253,0.4817216197309262
3627,0.4032211146982723
3166,0.28453383721476194
1714,0.13674084465693548
917,0.13674084465693548
2814,0.13674084465693548
4127,0.13674084465693548
1443,0.16130739348795162
3957,0.16130739348795162
2253,0.13674084465693548
1116,0.13674084465693548
2516,0.13674084465693548
1742,0.13674084465693548
4242,0.13674084465693548
2954,0.18800905176167976
2697,0.19765720989457014
1613,0.16555560040725728
1546,0.23471395227338918
2187,0.13674084465693548
2930,0.15438146192042063
1851,0.23312986054730378
3585,0.09041749081578004
975,0.07012266591096263
980,0.04520874540789002
17,0.04520874540789002
2822,0.04520874540789002
3238,0.07439986702448378
1995,0.04520874540789002
4182,0.04520874540789002
2112,1.8040997287925644
764,0.04520874540789002
642,0.04520874540789002
3206,0.1558978141401425
869,0.208809560547116
3813,0.08242328933753723
3008,0.07284973957052748
3382,0.17327120598919324
4282,0.04564315156218234
2005,0.04564315156218234
1278,0.04564315156218234
926,0.09128630312436468
2092,0.04564315156218234
612,0.09266800318908872
1952,0.2579908645293605
45,0.29157593234256013
2489,0.04564315156218234
3094,0.04564315156218234
1744,0.09128630312436468
1894,0.14777581635953985
2314,0.04564315156218234
1895,0.04564315156218234
1483,0.08526160951805323
2476,0.13692945468654702
2606,0.09128630312436468
1490,0.13692945468654702
2298,0.2649251465962353
2607,0.04564315156218234
627,0.14679867304923128
3188,0.04564315156218234
3436,0.04564315156218234
684,0.04564315156218234
3426,0.04564315156218234
423,0.23951182566865561
2794,0.11543885034595935
149,0.17339127124268047
461,0.04564315156218234
925,0.04564315156218234
228,0.04564315156218234
1764,0.04564315156218234
3709,0.04564315156218234
1800,0.2810630659515949
3970,0.04564315156218234
2335,0.24869842523581986
827,0.04564315156218234
2058,0.1478964635941803
2286,0.04564315156218234
3104,0.133044936964147
876,0.04564315156218234
2445,0.04564315156218234
1957,0.12328082118866854
1707,0.13692945468654702
1281,0.04564315156218234
3226,0.06821186749289744
1250,0.18577826867992137
2126,0.04564315156218234
1410,0.04564315156218234
618,0.18632569543569974
2619,0.04564315156218234
1799,0.04564315156218234
353,0.04564315156218234
101,0.09347920132649364
1228,0.04564315156218234
1287,0.04564315156218234
3387,0.04564315156218234
2500,0.13692945468654702
2442,0.04564315156218234
4049,0.05972947175756288
2811,0.04564315156218234
1024,0.9097092170035939
548,0.3312916642190576
1023,0.49996919417933655
4002,0.04564315156218234
1946,0.04564315156218234
2824,0.4832127120756003
1569,0.2090592021205847
1947,0.04564315156218234
3650,0.04564315156218234
2460,0.04564315156218234
3609,0.04564315156218234
741,0.04564315156218234
910,0.04564315156218234
1155,0.2007469451907309
4372,0.09128630312436468
2291,0.6882382673268302
2837,0.04564315156218234
2836,0.04564315156218234
1541,0.04564315156218234
2259,0.04564315156218234
3910,0.04564315156218234
1442,0.07743683115670023
1115,0.05972947175756288
1315,0.04564315156218234
1723,0.04564315156218234
4208,0.04564315156218234
4383,0.04564315156218234
2899,0.6119651739491473
549,0.30598258697457364
4189,0.30598258697457364
650,0.6101683666499998
219,0.8133176322926984
1002,0.36958862980184426
1852,0.25079025522438636
4018,0.28787459142200533
2851,0.28298964779939517
4239,0.5639894187773794
3333,0.7693915064167648
1259,0.10037348015880349
3751,0.1798724726894967
934,0.32799422547762214
1918,0.04260519435465426
2539,0.33365767463487134
1870,0.15565208164879277
2000,0.0639077915319814
1831,0.07250049022060481
3750,0.48247422971921794
1257,0.09189369371707866
1005,0.27523358100992584
3574,0.02130259717732713
4302,0.1154749878868228
2236,0.29370184006389083
3285,0.02130259717732713
1260,0.14911818024128992
31,0.07260703094811703
1598,0.41404932726584004
350,0.5070406576964738
1710,0.02130259717732713
1247,0.29734463118512644
204,0.1278155830639628
2477,0.0639077915319814
1937,0.12291775755884192
4008,0.10285449614432257
570,0.06114117278403568
2709,0.02130259717732713
3462,0.1659479297831949
1052,0.02130259717732713
366,0.19172337459594418
547,0.11576248089372233
432,0.09145603328291081
3666,0.0694920686826003
3335,0.02130259717732713
2636,0.04260519435465426
1046,0.02130259717732713
3241,0.04260519435465426
755,0.02130259717732713
1032,0.17841881904529494
2416,0.10740387488430789
1489,0.07867660557934111
1006,0.10878501024823956
881,0.08497945675726429
1003,0.02130259717732713
3856,0.02130259717732713
619,0.5016360255711121
1007,0.06524848407898226
3416,0.0881914564453725
1424,0.0881914564453725
3174,0.0881914564453725
2263,0.15630074704733693
4228,0.2683615652226227
275,0.0881914564453725
1806,0.0881914564453725
4196,0.0881914564453725
1144,0.1538485392343331
3295,0.10310506949184088
567,0.26113575509952097
2701,0.11514389007744626
2742,0.1244608001598515
3872,0.17166656138071695
2313,0.30091609760241816
1671,0.05757194503872313
3773,0.09686775013331629
1586,0.05757194503872313
4273,0.05757194503872313
2781,0.05757194503872313
3521,0.05757194503872313
2063,0.05757194503872313
1180,0.05757194503872313
2543,0.05757194503872313
349,0.36579901749475974
2554,0.13537532676972758
2624,0.05757194503872313
3464,0.37714372105408595
431,0.05757194503872313
1748,0.07919277784483919
355,0.2138242681574828
2374,0.09732786904196432
1470,0.06871763566414321
9,0.08017359354397685
872,0.042764853631496555
1353,0.042764853631496555
4215,0.11862335168402938
2443,0.042764853631496555
3340,0.042764853631496555
1357,0.16478799589370072
2327,0.2858641330395657
793,0.1458210616525331
1472,0.042764853631496555
988,0.042764853631496555
2732,0.17105941452598622
3711,0.17105941452598622
2549,0.1362621911170646
392,0.019242227720861482
1322,0.019242227720861482
75,0.019242227720861482
1750,0.16946352886925325
3946,0.031384131471214174
2399,0.08975677018320762
456,0.11547829133702389
2698,0.019242227720861482
2104,0.05049669496989837
3319,0.08688934791926092
3064,0.038484455441722965
1217,0.22029595839359117
2130,0.07696891088344593
1536,0.038484455441722965
552,0.019242227720861482
1666,0.019242227720861482
694,0.019242227720861482
65,0.18637899766551505
2553,0.11123921465706109
1326,0.18665364196921522
3114,0.019242227720861482
4318,0.08857764473103967
1568,0.1603976850405538
3802,0.038484455441722965
2834,0.038484455441722965
222,0.05772668316258445
786,0.05852011728295182
2172,0.038484455441722965
774,0.04805299502403259
1399,0.18509106289568492
3399,0.038484455441722965
4079,0.019242227720861482
4080,0.019242227720861482
2929,0.019242227720861482
533,0.08150423750026099
950,0.019242227720861482
2160,0.019242227720861482
3739,0.17852481890703586
864,0.0531337716326908
1898,0.3033615842800024
3149,0.019242227720861482
704,0.019242227720861482
703,0.05889693635055715
2101,0.019242227720861482
1234,0.08857183765746164
3626,0.019242227720861482
1426,0.038484455441722965
1695,0.038484455441722965
4032,0.038484455441722965
2866,0.143509013121051
2783,0.038484455441722965
1026,0.15469028492232512
1708,0.019242227720861482
3267,0.12885169716688963
291,0.6438154336321913
4075,0.019242227720861482
3215,0.038484455441722965
516,0.17116344622957874
4222,0.1305378475390861
2920,0.2814968046566992
2122,0.4725393855974042
790,0.20832184228085265
2254,0.07696891088344593
2026,0.019242227720861482
2024,0.019242227720861482
201,0.1604335277168247
598,0.019242227720861482
223,0.176226544729232
2481,0.019242227720861482
1840,0.2083527057817161
1655,0.038484455441722965
1609,0.07696891088344593
1687,0.07696891088344593
2682,0.038484455441722965
1788,0.019242227720861482
2334,0.1408062518803254
1900,0.019242227720861482
144,0.038484455441722965
1291,0.038484455441722965
1561,0.019242227720861482
4193,0.03963466899003415
3182,0.019242227720861482
1811,0.3828222391055219
1914,0.019242227720861482
888,0.049068534495751465
826,0.08465729071753811
3499,0.019242227720861482
3192,0.019242227720861482
183,0.20798824067230337
3233,0.10787482942169725
1543,0.019242227720861482
778,0.12953091456423074
4057,0.019242227720861482
1559,0.09394652951650526
2265,0.09096363713525248
2755,0.17037828384428355
2249,0.038484455441722965
386,0.10174861455323338
3435,0.031384131471214174
1693,0.28026787923060403
127,0.038484455441722965
2926,0.019242227720861482
3980,0.2019867798795935
1703,0.019242227720861482
3261,0.019242227720861482
2949,0.019242227720861482
1013,0.08328018382302002
3408,0.019242227720861482
3890,0.05772668316258445
85,0.019242227720861482
2419,0.04621949385637722
2840,0.3369031525697031
2646,0.37425071353966555
1258,0.12503253848848123
3776,0.019242227720861482
88,0.08482128029503774
3787,0.019242227720861482
923,0.04621278728017098
2179,0.019242227720861482
1583,0.11542220762089139
2817,0.07710551552292295
4335,0.3863615829707534
769,0.019242227720861482
1880,0.019242227720861482
2372,0.05442449846936332
762,0.2837402642814357
3551,0.019242227720861482
636,0.04805299502403259
288,0.21626711377456648
166,0.038484455441722965
802,0.05442449846936332
3006,0.019242227720861482
3317,0.038484455441722965
3318,0.05049669496989837
3320,0.038484455441722965
656,0.038484455441722965
3298,0.038484455441722965
1014,0.038484455441722965
1730,0.019242227720861482
2751,0.060958549994043786
3954,0.04894656751594207
4244,0.057170101785339586
1943,0.038484455441722965
255,0.08384336069275439
1566,0.019242227720861482
388,0.019242227720861482
1047,0.019242227720861482
3814,0.019242227720861482
3815,0.019242227720861482
2593,0.031384131471214174
3845,0.06393269997315394
3589,0.019242227720861482
3308,0.019242227720861482
1373,0.14421225946559324
1412,0.1318806827614094
2754,0.019242227720861482
2338,0.019242227720861482
346,0.33009178738232786
557,0.04609372302720051
347,0.0810650413571466
1177,0.06335183524036986
2625,0.038484455441722965
3630,0.04805299502403259
61,0.0361796542911724
3662,0.019242227720861482
3157,0.038484455441722965
396,0.0682099010866751
3289,0.019242227720861482
3153,0.05049669496989837
13,0.019242227720861482
965,0.019242227720861482
2437,0.2898761667219712
429,0.019242227720861482
447,0.038484455441722965
615,0.019242227720861482
1398,0.04233548158495021
743,0.019242227720861482
1356,0.15326326856320546
2918,0.019242227720861482
3058,0.019242227720861482
3964,0.019242227720861482
3586,0.019242227720861482
2776,0.1932729561193673
1405,0.10493373260473257
1132,0.3463029362663138
4061,0.11543431208877127
87,0.03847810402959042
1452,0.03847810402959042
2375,0.46173724835508506
1763,0.03847810402959042
3671,0.07695620805918084
2989,0.03847810402959042
781,0.03847810402959042
332,0.03847810402959042
1160,0.03847810402959042
1150,0.03847810402959042
67,0.03847810402959042
2766,0.23086862417754253
532,0.19239052014795213
1519,0.11543431208877127
459,0.03847810402959042
3309,0.03847810402959042
3973,0.03847810402959042
693,0.03847810402959042
609,0.22389157139829197
220,0.03847810402959042
1227,0.03847810402959042
2769,0.38678408641830686
1538,0.07695620805918084
927,0.03847810402959042
1314,0.03847810402959042
106,0.03847810402959042
1468,0.03847810402959042
3617,0.03847810402959042
1133,0.20505296727272185
2771,0.17629396741046177
1130,0.1589585101823427
2038,0.03847810402959042
555,0.04909149087035153
103,0.03847810402959042
2749,0.03847810402959042
3424,0.03847810402959042
1515,0.03847810402959042
1510,0.11442291894423726
820,0.03847810402959042
780,0.07695620805918084
873,0.03847810402959042
3003,0.11854313828264852
3177,0.09346179649636677
3159,0.11543431208877127
1080,0.03847810402959042
3256,0.03847810402959042
2323,0.03847810402959042
3119,0.03847810402959042
2643,0.15807118358069208
2043,0.13049161658069758
3583,0.6042311906026615
757,0.15650932764868017
3239,0.15860150340855128
2393,0.07343397422394123
2466,0.07343397422394123
1928,0.14686794844788245
2464,0.14686794844788245
2681,0.17066717893886335
129,0.07343397422394123
1129,0.07343397422394123
1316,0.16125819767336327
4298,0.16125819767336327
1662,0.16125819767336327
3336,0.09658539455664664
4118,0.42044760804280745
543,0.14125004036637231
761,0.1247804031451922
3045,0.09658539455664664
3329,0.09658539455664664
4323,0.09658539455664664
4240,0.09658539455664664
3652,0.09658539455664664
1626,0.07183423097570442
3756,0.04957820107068932
1393,0.09915640214137864
2890,0.04957820107068932
1913,0.04957820107068932
1214,0.04957820107068932
3263,0.04957820107068932
338,0.16986406380352015
1154,0.04957820107068932
1513,0.04957820107068932
4099,0.07842211797671479
2189,0.16312343657470796
639,0.4486421766159847
2395,0.20417243531710413
3290,0.04957820107068932
3089,0.04957820107068932
1998,0.04957820107068932
875,0.0663035454880852
104,0.04957820107068932
651,0.12904052963021434
1362,0.12011243064811734
105,0.04957820107068932
955,0.08531905535003029
721,0.08925198009779445
967,0.04957820107068932
828,0.04957820107068932
1924,0.2602427290304404
579,0.5261495780812887
1455,0.7311924810442161
2037,0.12435764882597855
4026,0.12435764882597855
2036,0.12435764882597855
2067,0.12435764882597855
369,0.12435764882597855
1062,0.42713951574461073
227,0.12435764882597855
282,0.12435764882597855
4301,0.25829455195177786
3193,0.08609818398392595
3195,0.08609818398392595
225,0.1327481146375472
1203,0.08609818398392595
2958,0.08609818398392595
1856,0.08609818398392595
3833,0.08609818398392595
1323,0.08609818398392595
1104,0.08609818398392595
2134,0.5698569038501213
2326,0.28888429476348704
4053,0.40201367679802286
384,0.7794249188036384
3895,0.573067912101396
3468,0.2822134125826379
3397,0.2822134125826379
3511,0.2822134125826379
351,0.21126370586170273
3780,0.1538479028710698
111,0.1724227206472296
3160,0.0862113603236148
1173,0.0862113603236148
3030,0.11740070904458619
1839,0.0431056801618074
2906,0.12736627771946687
1339,0.1514269376862935
815,0.0431056801618074
1182,0.2209885796452204
4309,0.0431056801618074
2362,0.13520896091903004
4351,0.0533513515808746
2796,0.0431056801618074
658,0.4702201953870089
2599,0.0431056801618074
2211,0.06806094313686092
1321,0.0431056801618074
42,0.2916026230519018
1971,0.0724639150795588
4310,0.0431056801618074
507,0.3678846747863216
25,0.02845683230919634
2430,0.05691366461839268
3079,0.05691366461839268
526,0.02845683230919634
2504,0.02845683230919634
1805,0.05691366461839268
2114,0.03986652720654873
508,0.02845683230919634
230,0.08489750842479421
2556,0.08537049692758902
797,0.02845683230919634
173,0.05691366461839268
922,0.4268524846379451
1146,0.02845683230919634
1311,0.31302515540115977
2133,0.02845683230919634
2559,0.02845683230919634
3355,0.14228416154598172
2357,0.02845683230919634
3067,0.08537049692758902
2555,0.05691366461839268
628,0.02845683230919634
1590,0.02845683230919634
1854,0.10505420399495677
1086,0.02845683230919634
3059,0.05691366461839268
1219,0.02845683230919634
1712,0.02845683230919634
1404,0.05691366461839268
2867,0.02845683230919634
43,0.05691366461839268
1038,0.02845683230919634
898,0.11382732923678536
2155,0.02845683230919634
422,0.02845683230919634
2065,0.05691366461839268
3770,0.02845683230919634
4034,0.02845683230919634
1754,0.02845683230919634
2687,0.02845683230919634
4083,0.02845683230919634
3354,0.25611149078276707
2431,0.05691366461839268
287,0.17074099385517805
179,0.05691366461839268
4185,0.02845683230919634
569,0.02845683230919634
3467,0.05691366461839268
527,0.02845683230919634
120,0.02845683230919634
2943,0.02845683230919634
1277,0.02845683230919634
2723,0.02845683230919634
4393,0.02845683230919634
4392,0.02845683230919634
3014,0.02845683230919634
3229,0.02845683230919634
2124,0.25611149078276707
2595,0.02845683230919634
311,0.05691366461839268
2736,0.05691366461839268
2891,0.02845683230919634
2180,0.05691366461839268
3710,0.05691366461839268
1101,0.05691366461839268
4237,0.02845683230919634
3096,0.02845683230919634
1835,0.02845683230919634
1366,0.02845683230919634
46,0.02845683230919634
3066,0.02845683230919634
310,0.02845683230919634
155,0.02845683230919634
4134,0.1113702944094555
1306,0.05691366461839268
4212,0.02845683230919634
1131,0.08537049692758902
2536,0.05691366461839268
2674,0.05691366461839268
499,0.02845683230919634
1534,0.02845683230919634
4068,0.02845683230919634
1071,0.08537049692758902
994,0.11382732923678536
2852,0.02845683230919634
2686,0.02845683230919634
3031,0.02845683230919634
2900,0.08537049692758902
2266,0.02845683230919634
3071,0.08537049692758902
2487,0.02845683230919634
3611,0.02845683230919634
2747,0.02845683230919634
1240,0.02845683230919634
2651,0.02845683230919634
172,0.02845683230919634
290,0.02845683230919634
1796,0.02845683230919634
3528,0.02845683230919634
2424,0.05691366461839268
723,0.02845683230919634
3356,0.02845683230919634
2423,0.02845683230919634
596,0.02845683230919634
1882,0.02845683230919634
3338,0.02845683230919634
4085,0.02845683230919634
3471,0.02845683230919634
2196,0.02845683230919634
841,0.02845683230919634
2981,0.02845683230919634
782,0.02845683230919634
2580,0.02845683230919634
3230,0.02845683230919634
680,0.02845683230919634
3976,0.02845683230919634
319,0.02845683230919634
389,0.05691366461839268
1810,0.02845683230919634
3478,0.02845683230919634
2557,0.02845683230919634
509,0.05691366461839268
2673,0.02845683230919634
1365,0.05691366461839268
4017,0.02845683230919634
316,0.02845683230919634
2541,0.02845683230919634
1267,0.02845683230919634
2558,0.02845683230919634
4391,0.02845683230919634
1072,0.02845683230919634
2174,0.02845683230919634
3616,0.02845683230919634
3995,0.02845683230919634
2088,0.04765752581959748
1976,0.07322152742692983
813,0.11591413820701926
3266,0.14479286744593864
3378,0.04765752581959748
2993,0.1161544129022779
4319,0.04765752581959748
3794,0.06849284960876187
2215,0.09531505163919496
2166,0.14297257745879244
928,0.04765752581959748
113,0.13488994086235598
2384,0.04765752581959748
3864,0.04765752581959748
2201,0.04765752581959748
2080,0.12545621902941226
1765,0.10620759645557243
4232,0.1546193284882802
2054,0.09531505163919496
2183,0.5203446791051813
2846,0.04765752581959748
582,0.04765752581959748
2276,0.04765752581959748
3684,0.04765752581959748
4181,0.04765752581959748
2044,0.10327767893569273
1884,0.07889085391136649
4183,0.14303102236963094
2370,0.051638839467846365
2520,0.051638839467846365
363,0.051638839467846365
3514,0.13712924121208037
3366,0.24162318711568698
1055,0.051638839467846365
128,0.11621776039837169
3103,0.15616860384246384
4236,0.3865156496941609
3732,0.26902998031388464
107,0.05810888019918584
3084,0.05810888019918584
2317,0.0826815740449292
3265,0.05810888019918584
2154,0.05810888019918584
3100,0.05810888019918584
496,0.05810888019918584
3172,0.05810888019918584
1202,0.11621776039837169
1492,0.05810888019918584
1033,0.07881731410547087
4289,0.2348568373796704
4231,0.1922180591903595
2821,0.05810888019918584
768,0.05810888019918584
86,0.07189803330345218
3576,0.10008027050674587
2823,0.020060490383537008
581,0.16585645154337875
3392,0.13513633181452248
1333,0.020060490383537008
3884,0.25601893850805185
735,0.020060490383537008
2727,0.21179652446345937
1229,0.05389866748152715
2436,0.020060490383537008
3663,0.040120980767074016
835,0.020060490383537008
1545,0.020060490383537008
1275,0.020060490383537008
530,0.020060490383537008
284,0.020060490383537008
3277,0.020060490383537008
243,0.020060490383537008
1458,0.08002161999136051
1456,0.020060490383537008
298,0.08874543723898769
4280,0.020060490383537008
2601,0.020060490383537008
825,0.020060490383537008
3051,0.0575978127132834
3053,0.020060490383537008
79,0.020060490383537008
1604,0.020060490383537008
1635,0.020060490383537008
643,0.07554328875916802
4250,0.10605108207148957
1245,0.020060490383537008
3906,0.09888407984373708
2113,0.08024196153414803
3496,0.5075796734784054
3497,0.08417071071754052
1127,0.040120980767074016
3081,0.020060490383537008
2921,0.020060490383537008
2959,0.04982177655337042
4084,0.03913136453888773
3779,0.020060490383537008
3846,0.056776174028189734
1905,0.13859507356683898
3559,0.27719014713367796
3365,0.20789261035025847
3558,0.06929753678341949
520,0.06929753678341949
566,0.20789261035025847
1660,0.06929753678341949
2992,0.06929753678341949
2758,0.06929753678341949
3326,0.22888553786357363
3276,0.06929753678341949
3978,0.06929753678341949
1152,0.23251011570031607
1956,0.06929753678341949
2522,0.06929753678341949
3797,0.06929753678341949
3822,0.06929753678341949
64,0.06929753678341949
1342,0.06929753678341949
1959,0.06929753678341949
195,0.10324792705204713
239,0.09256239757783778
2615,0.06929753678341949
3161,0.5582728910362811
698,0.07847780044450617
1861,0.02615926681483539
4125,0.02615926681483539
914,0.02615926681483539
2527,0.25079511244649566
2617,0.02615926681483539
3108,0.2837759082231648
292,0.07847780044450617
2750,0.09290673134715845
4141,0.06381360643102539
3804,0.07847780044450617
381,0.05231853362967078
2718,0.02615926681483539
585,0.03674353938129777
4121,0.1419426739185517
699,0.11187462492314089
670,0.12402252700212556
2964,0.12402252700212556
3516,0.12402252700212556
3905,0.12402252700212556
4063,0.5857766768416445
4067,0.030830351412718126
1190,0.030830351412718126
4241,0.030830351412718126
4040,0.030830351412718126
1974,0.030830351412718126
2777,0.030830351412718126
3948,0.2675192464677797
3888,0.11487120466495791
760,0.030830351412718126
1089,0.10935921872231706
3548,0.030830351412718126
3588,0.030830351412718126
3820,0.09249105423815437
3082,0.030830351412718126
0,0.030830351412718126
1915,0.06116400576354543
3855,0.21581245988902686
3384,0.11617453683934255
856,0.030830351412718126
1204,0.030830351412718126
2220,0.030830351412718126
4078,0.05300279237859727
339,0.030830351412718126
3821,0.030830351412718126
3343,0.030830351412718126
2524,0.06166070282543625
1280,0.05688009807381804
3743,0.030830351412718126
2493,0.030830351412718126
2966,0.030830351412718126
2210,0.09249105423815437
1591,0.08168408148397602
1074,0.05715188310477729
3554,0.030830351412718126
3848,0.030830351412718126
2978,0.030830351412718126
39,0.030830351412718126
2510,0.030830351412718126
91,0.05715188310477729
153,0.6107302130531089
1578,0.06785891256145656
517,0.03392945628072828
2002,0.03392945628072828
342,0.03392945628072828
1078,0.4600567748954364
258,0.2936299287607469
2001,0.03392945628072828
1652,0.03392945628072828
4332,0.03392945628072828
4035,0.03392945628072828
257,0.03392945628072828
72,0.03392945628072828
3984,0.03392945628072828
685,0.12529934653608957
4205,0.05189827776365741
3120,0.06785891256145656
3013,0.03392945628072828
4388,0.11673210488934813
2139,0.06785891256145656
1126,0.03392945628072828
1643,0.27469148224669904
4129,0.03392945628072828
3232,0.0449042867536028
1912,0.03392945628072828
3272,0.03392945628072828
448,0.31269951493108167
4270,0.03392945628072828
1729,0.03392945628072828
2571,0.03392945628072828
606,0.03392945628072828
546,0.03392945628072828
1394,0.03392945628072828
303,0.03392945628072828
1910,0.03392945628072828
473,0.12529934653608957
4367,0.03392945628072828
2164,0.2172065198984845
654,0.3761419735678875
3393,0.19749301141276787
3368,0.03392945628072828
4294,0.03392945628072828
3486,0.03392945628072828
2623,0.03392945628072828
2528,0.03392945628072828
2563,0.05973294256255961
4031,0.5552314222681737
74,0.5496641623060935
3207,0.07852345175801335
4371,0.07852345175801335
3158,0.07852345175801335
3218,0.07852345175801335
4283,0.12564164641108788
824,0.07852345175801335
3721,0.32958749720828057
2684,0.1318349988833122
413,0.03295874972082805
1136,0.03295874972082805
3457,0.15116322430493817
3278,0.07958433984360283
1466,0.3625462469291086
3224,0.254744380790756
720,0.05100470527174793
3302,0.22046140523844665
734,0.03295874972082805
4020,0.03295874972082805
966,0.03295874972082805
451,0.0659174994416561
3231,0.05884607664685636
1165,0.12944203851667904
2079,0.03295874972082805
406,0.03295874972082805
395,0.03295874972082805
2800,0.03295874972082805
4221,0.0659174994416561
2665,0.0659174994416561
874,0.10238335297368675
2767,0.03295874972082805
4103,0.03295874972082805
1751,0.03295874972082805
4357,0.17442691704011765
3718,0.03295874972082805
2830,0.4849212981174977
641,0.10238335297368675
3722,0.09887624916248416
702,0.13029789710020148
895,0.03295874972082805
4245,0.03295874972082805
1780,0.03295874972082805
56,0.04697832505687343
591,0.04697832505687343
3608,0.04697832505687343
3703,0.14093497517062029
2818,0.04697832505687343
3322,0.04697832505687343
506,0.04697832505687343
4076,0.04697832505687343
1676,0.04697832505687343
2937,0.04697832505687343
1166,0.04697832505687343
3519,0.09312755760447824
14,0.04697832505687343
1288,0.07602883273038871
3974,0.2359565659778411
2831,0.3206985715953469
776,0.04697832505687343
1205,0.09395665011374686
3615,0.36211057218602083
3590,0.5574056202937119
2653,0.1858018734312373
1431,0.030966978905206215
2351,0.030966978905206215
1607,0.030966978905206215
1352,0.030966978905206215
2251,0.030966978905206215
1148,0.030966978905206215
2432,0.20070493213424437
1153,0.2167688523364435
2173,0.06193395781041243
3441,0.030966978905206215
938,0.030966978905206215
442,0.030966978905206215
420,0.030966978905206215
3553,0.030966978905206215
3460,0.11337911306036663
1795,0.030966978905206215
2475,0.06193395781041243
777,0.030966978905206215
3204,0.030966978905206215
3857,0.030966978905206215
1296,0.030966978905206215
2401,0.06193395781041243
2494,0.030966978905206215
2292,0.030966978905206215
441,0.11162886050633494
3596,0.030966978905206215
4326,0.030966978905206215
1402,0.030966978905206215
4199,0.09781948664537608
2371,0.030966978905206215
3623,0.030966978905206215
3692,0.12386791562082486
2955,0.07996922342530798
969,0.030966978905206215
2040,0.24773583124164972
3,0.09290093671561865
1423,0.030966978905206215
3323,0.030966978905206215
336,0.12386791562082486
335,0.06193395781041243
268,0.030966978905206215
3508,0.7691972532929339
135,0.04217721309403794
915,0.030966978905206215
1348,0.030966978905206215
3346,0.030966978905206215
2195,0.030966978905206215
848,0.030966978905206215
3311,0.030966978905206215
3908,0.06193395781041243
3799,0.11630030766851926
4353,0.1152511044935008
2093,0.030966978905206215
1210,0.030966978905206215
634,0.10035246606712218
865,0.030966978905206215
418,0.08636352876554246
2519,0.030966978905206215
